{
  "score_stats": {
    "mean": 506.84501000857875,
    "median": 492.0,
    "std": 123.02129310425762,
    "min": 0,
    "max": 771
  },
  "score_distribution": {
    "0-100": 27,
    "100-200": 50,
    "200-300": 101,
    "300-400": 242,
    "400-500": 1544,
    "500-600": 619,
    "600-700": 770,
    "700-800": 144,
    "800-900": 0,
    "900-1000": 0
  },
  "low_score_behavior": {
    "count": 178,
    "avg_liquidations": 0.8314606741573034,
    "avg_consecutive_actions": 0.5887444073845457,
    "avg_very_short_intervals": 0.7281766094799373,
    "avg_days_active": 9.0
  },
  "high_score_behavior": {
    "count": 144,
    "avg_days_active": 70.60416666666667,
    "avg_deposit_to_borrow_ratio": 650358688402.8848,
    "avg_repay_to_borrow_ratio": 59722222.98810482,
    "avg_unique_reserves": 4.493055555555555,
    "avg_healthy_patterns": 0.05052545011736212
  }
}